{
  "version": "3",
  "strict_accuracy": {
    "bl": 80.86710650329879,
    "vlm": 83.88312912346842,
    "ens": 83.41187558906692
  },
  "flexible_accuracy": {
    "bl": 83.41187558906692,
    "vlm": 86.14514608859567,
    "ens": 85.95664467483506
  },
  "true_error_rate": {
    "bl": 16.588124410933077,
    "vlm": 13.854853911404334,
    "ens": 14.043355325164939
  },
  "error_categories": {
    "laterality": 27,
    "organ": 24,
    "condition": 7,
    "yes_no": 42,
    "partial": 24,
    "other": 47
  },
  "high_impact_errors": 58,
  "ensemble": {
    "alpha": 0.55,
    "T_bl": 0.8189838015225882,
    "T_vlm": 0.8218261293104341
  },
  "medical_term_acc": {
    "bl": 74.83870967741936,
    "vlm": 81.29032258064517,
    "ens": 79.6774193548387
  }
}